ID, SHORTCODE, LIKES, COMMENTS, DATE, IS_VIDEO, VIDEO_VIEW_COUNT
991338073369661465, 3B8LmzhNAZ, 36, 3, 2015-05-23 08:58:49, False, N/A
999478583875653766, 3e3HoAhNCG, 31, 5, 2015-06-03 14:32:33, True, 0
999483774578512156, 3e4TKOhNEc, 49, 3, 2015-06-03 14:42:52, False, N/A
1005793007699808484, 31S2ldhNDk, 51, 1, 2015-06-12 07:38:11, False, N/A
1019748541100511442, 4m3-UwhNDS, 74, 10, 2015-07-01 13:45:20, True, 0
1025397709999493217, 468cjSBNBh, 31, 1, 2015-07-09 08:49:14, True, 0
1030972951950053606, 5OwG_-BNDm, 64, 5, 2015-07-17 01:26:14, True, 0
1034157731654980384, 5aEPpNBNMg, 101, 2, 2015-07-21 10:53:50, False, N/A
1043711163927679297, 58AcYWBNFB, 48, 2, 2015-08-03 15:14:48, False, N/A
1044343154876404449, 5-QJDyBNLh, 87, 8, 2015-08-04 12:10:27, True, 0
1050921093776593743, 6VnyqxhNNP, 60, 10, 2015-08-13 13:59:38, True, 0
1054522221009359737, 6ial93BNN5, 49, 5, 2015-08-18 13:14:26, True, 0
1055086137926013027, 6ka0CahNBj, 109, 5, 2015-08-19 07:54:50, False, N/A
1056738443763438041, 6qSgQJBNHZ, 91, 1, 2015-08-21 14:37:40, False, N/A
1066844001086525492, 7OMPdzhNA0, 80, 0, 2015-09-04 13:15:37, False, N/A
1076862392425829157, 7xyKP0hNMl, 98, 4, 2015-09-18 09:00:22, False, N/A
1081050850664960281, 8AqgViBNEZ, 67, 9, 2015-09-24 03:42:05, True, 0
1084986543250395860, 8OpYM4hNLU, 94, 3, 2015-09-29 14:01:36, False, N/A
1103058365539733756, 9O2b08hND8, 137, 2, 2015-10-24 12:27:05, False, N/A
1106721011250024902, 9b3OVlBNHG, 87, 5, 2015-10-29 13:44:07, False, N/A
1158721747143675909, BAUm0o0BNAF, 110, 0, 2016-01-09 06:40:17, False, N/A
1163793167829749792, BAmn7hYhNAg, 136, 13, 2016-01-16 06:36:18, False, N/A
1174787872847614103, BBNr1iXhNCX, 92, 5, 2016-01-31 10:40:49, False, N/A
1187205491051516487, BB5zRqhhNJH, 125, 9, 2016-02-17 13:52:24, False, N/A
1203838336188600527, BC05JarhNDP, 132, 5, 2016-03-11 12:38:54, False, N/A
1206110515320115911, BC89x-ZhNLH, 113, 7, 2016-03-14 16:53:19, False, N/A
1214816081513075583, BDb5MouBNN_, 188, 6, 2016-03-26 17:09:43, False, N/A
1234984757310575150, BEjjBfyhNIu, 104, 1, 2016-04-23 13:01:17, False, N/A
1235645221887594596, BEl5MhXBNBk, 118, 3, 2016-04-24 10:53:30, False, N/A
1244318967582216974, BFEtYIiBNMO, 155, 3, 2016-05-06 10:06:41, False, N/A
1245176240613413514, BFHwTGQhNKK, 119, 2, 2016-05-07 14:29:56, False, N/A
1246497169557737971, BFMcpJNBNHz, 111, 4, 2016-05-09 10:14:23, False, N/A
1249354356210586262, BFWmSrohNKW, 118, 2, 2016-05-13 08:51:06, False, N/A
1249924310634910701, BFYn4nDhNPt, 96, 2, 2016-05-14 03:43:30, False, N/A
1250802765605949962, BFbvn0ABNIK, 101, 0, 2016-05-15 08:48:50, False, N/A
1252181849632199649, BFgpMIFhNPh, 85, 12, 2016-05-17 06:28:50, True, 735
1253863901775581190, BFmnpNOBNAG, 115, 0, 2016-05-19 14:10:46, False, N/A
1254574820113568357, BFpJSbhBNJl, 109, 2, 2016-05-20 13:43:14, False, N/A
1255959446979662314, BFuEHZxhNHq, 132, 6, 2016-05-22 11:34:14, False, N/A
1259566422649262470, BF64PzpBNGG, 89, 4, 2016-05-27 11:00:40, False, N/A
1260143794767319593, BF87hrVBNIp, 112, 4, 2016-05-28 06:07:48, False, N/A
1265409317021208688, BGPoxHEhNBw, 114, 3, 2016-06-04 12:29:27, False, N/A
1270495384309125959, BGhtNIWhNNH, 127, 5, 2016-06-11 12:54:33, False, N/A
1271892484959818532, BGmq3nuhNMk, 91, 3, 2016-06-13 11:10:21, False, N/A
1274754983405081045, BGw1udJhNHV, 95, 1, 2016-06-17 09:57:37, True, 713
1275565518551830970, BGzuBS1BNG6, 134, 6, 2016-06-18 12:48:00, False, N/A
1276331350680720276, BG2cJnlBNOU, 108, 0, 2016-06-19 14:09:35, False, N/A
1280565167381801566, BHFezwph-pe, 115, 2, 2016-06-25 10:21:25, False, N/A
1280706975650703689, BHF_DV5BmlJ, 180, 4, 2016-06-25 15:03:10, False, N/A
1285704598002409306, BHXvYUaBR9a, 107, 0, 2016-07-02 12:32:33, False, N/A
1285761244628001448, BHX8QosBCKo, 110, 1, 2016-07-02 14:25:06, False, N/A
1285806044995755504, BHYGckSBZ3w, 98, 2, 2016-07-02 15:54:06, False, N/A
1286455682480389063, BHaaKCVhrvH, 115, 1, 2016-07-03 13:24:49, False, N/A
1288571047389714996, BHh7IpbhFo0, 154, 0, 2016-07-06 11:27:40, False, N/A
1290793111265934644, BHp0X7rhv00, 131, 3, 2016-07-09 13:02:31, False, N/A
1291575016563313460, BHsmKJvBos0, 123, 4, 2016-07-10 14:56:01, False, N/A
1292988958351194182, BHxnptpBnhG, 138, 1, 2016-07-12 13:45:16, False, N/A
1293765607120045683, BH0YPcLAgZz, 124, 3, 2016-07-13 15:28:20, False, N/A
1294439010043144717, BH2xWvhB6oN, 100, 2, 2016-07-14 13:46:16, False, N/A
1295834380476135983, BH7uoDgBLov, 131, 1, 2016-07-16 11:58:37, False, N/A
1296670476802062667, BH-su24hflL, 165, 1, 2016-07-17 15:39:48, False, N/A
1297325419091390330, BIBBphbBu96, 111, 0, 2016-07-18 13:21:03, False, N/A
1298125444285179172, BID3ja8g6Uk, 158, 2, 2016-07-19 15:50:33, False, N/A
1298568948723524051, BIFcZQpBKHT, 108, 3, 2016-07-20 06:31:43, True, 1228
1298754782378514976, BIGGpfuAtog, 116, 1, 2016-07-20 12:40:56, False, N/A
1301409346391250339, BIPiOfHBhWj, 123, 7, 2016-07-24 04:35:05, True, 917
1303743402856516884, BIX07elhY0U, 118, 0, 2016-07-27 09:52:26, False, N/A
1304486799208741713, BIad9UZBftR, 85, 0, 2016-07-28 10:29:26, False, N/A
1304489659581552706, BIaem8Uh1hC, 119, 2, 2016-07-28 10:35:07, False, N/A
1304635633004037621, BIa_zIqhcX1, 134, 0, 2016-07-28 15:25:08, False, N/A
1305279018400420098, BIdSFoAhxEC, 128, 1, 2016-07-29 12:43:26, False, N/A
1305318590509338977, BIdbFeaBdFh, 93, 2, 2016-07-29 14:02:03, False, N/A
1305735443954235210, BIe53fbh3dK, 142, 0, 2016-07-30 03:50:16, False, N/A
1306008020832253914, BIf32AbhHfa, 115, 0, 2016-07-30 12:51:50, False, N/A
1306012956202642719, BIf4902hC0f, 110, 0, 2016-07-30 13:01:38, False, N/A
1306112070055732563, BIgPgH0haVT, 109, 1, 2016-07-30 16:18:33, False, N/A
1306724208986185947, BIiar6oBmDb, 103, 0, 2016-07-31 12:34:46, False, N/A
1307291881071464957, BIkbwodBFH9, 103, 11, 2016-08-01 07:22:38, True, 841
1307461188070006142, BIlCQX4hd1-, 106, 6, 2016-08-01 12:59:01, False, N/A
1307544699934328747, BIlVPoXh8er, 106, 2, 2016-08-01 15:44:56, False, N/A
1308202728862055323, BInq3NkBPub, 104, 4, 2016-08-02 13:32:19, False, N/A
1308924698033441660, BIqPBPwBMt8, 112, 0, 2016-08-03 13:26:45, False, N/A
1309629893973396369, BIsvXMphEuR, 126, 1, 2016-08-04 12:47:50, False, N/A
1310434489734194215, BIvmTm2BuQn, 141, 2, 2016-08-05 15:26:26, False, N/A
1310438403607001494, BIvnMj7BnmW, 110, 0, 2016-08-05 15:34:12, False, N/A
1311102256904809278, BIx-I5fBis-, 118, 0, 2016-08-06 13:33:10, False, N/A
1311149129720018347, BIyIy_MhjWr, 107, 1, 2016-08-06 15:06:17, False, N/A
1311821025503581646, BI0hkW6B5XO, 97, 2, 2016-08-07 13:21:14, False, N/A
1311824714452588471, BI0iaCghle3, 130, 1, 2016-08-07 13:28:33, False, N/A
1311866232458659265, BI0r2NKh0XB, 107, 0, 2016-08-07 14:51:03, False, N/A
1312539331310952520, BI3E5FUhKBI, 133, 0, 2016-08-08 13:08:22, False, N/A
1313295742227837939, BI5w4T4hfPz, 95, 1, 2016-08-09 14:11:14, False, N/A
1313300797681080415, BI5yB4JBJhf, 123, 0, 2016-08-09 14:21:16, False, N/A
1313917669615172562, BI7-Si5hXvS, 231, 5, 2016-08-10 10:46:53, False, N/A
1314008476732970247, BI8S79nhVUH, 113, 4, 2016-08-10 13:47:18, False, N/A
1314474418483034082, BI984TsBPfi, 92, 0, 2016-08-11 05:13:03, False, N/A
1314709501915776847, BI-yVOMhUdP, 105, 3, 2016-08-11 13:00:07, True, 621
1315421412835760595, BJBUM46BJnT, 120, 4, 2016-08-12 12:34:33, True, 871
1316221148765446253, BJEKClCBWBt, 90, 1, 2016-08-13 15:03:29, False, N/A
1316253200571362602, BJERU_mhu0q, 87, 0, 2016-08-13 16:07:10, True, 621
1316742762552792946, BJGApDuhpdy, 89, 2, 2016-08-14 08:19:50, False, N/A
1316903946132315721, BJGlSloht5J, 94, 2, 2016-08-14 13:40:05, True, 466
1317674643938939342, BJJUht5hRHO, 110, 0, 2016-08-15 15:11:19, False, N/A
1318355234959307611, BJLvRnrhrNb, 109, 0, 2016-08-16 13:43:32, False, N/A
1318396982469072083, BJL4xIFBBTT, 73, 0, 2016-08-16 15:06:29, True, 632
1319049637017280467, BJONKf_hd_T, 140, 2, 2016-08-17 12:43:11, False, N/A
1319124891337196850, BJOeRmCh4Uy, 87, 4, 2016-08-17 15:12:42, True, 732
1319762581338338899, BJQvRNIhjZT, 95, 2, 2016-08-18 12:19:41, False, N/A
1320904214423299955, BJUy2JzBGdz, 102, 2, 2016-08-20 02:07:54, True, 628
1321207072532240362, BJV3tUZBJfq, 124, 1, 2016-08-20 12:09:38, False, N/A
1321269196080117239, BJWF1VdBXX3, 114, 1, 2016-08-20 14:13:03, True, 588
1321607493130184713, BJXSwNIhOgJ, 116, 1, 2016-08-21 01:25:12, False, N/A
1321837459344258763, BJYHCp3BPbL, 87, 4, 2016-08-21 09:02:06, False, N/A
1321857637696283686, BJYLoSahiQm, 103, 0, 2016-08-21 09:42:11, False, N/A
1322028475187815999, BJYyeTOhWY_, 90, 3, 2016-08-21 15:21:37, True, 546
1322718811723866701, BJbPcBOhyJN, 111, 3, 2016-08-22 14:13:11, False, N/A
1322741873114463590, BJbUrm0hb1m, 96, 0, 2016-08-22 14:59:00, True, 626
1323463690619813821, BJd4zbwhX-9, 105, 0, 2016-08-23 14:53:08, False, N/A
1323470970857953053, BJd6dYAh5cd, 95, 0, 2016-08-23 15:07:35, True, 768
1324143604922593940, BJgTZfTBDKU, 105, 2, 2016-08-24 13:24:00, True, 575
1324890959498196229, BJi9U7fBDUF, 119, 4, 2016-08-25 14:08:51, False, N/A
1325482804381137658, BJlD5Z_Brr6, 79, 1, 2016-08-26 09:44:45, False, N/A
1325986579432772192, BJm2cTEBpJg, 101, 1, 2016-08-27 02:25:39, True, 727
1326315148524497863, BJoBJm4BavH, 95, 0, 2016-08-27 13:18:28, False, N/A
1326323493889344270, BJoDDDGh4MO, 89, 1, 2016-08-27 13:35:03, False, N/A
1326385108751969338, BJoRDqah2w6, 77, 1, 2016-08-27 15:37:28, True, 567
1326409227417467786, BJoWiorBLuK, 94, 0, 2016-08-27 16:25:23, False, N/A
1327696962656789490, BJs7VpkhePy, 108, 1, 2016-08-29 11:03:53, False, N/A
1330461667574100762, BJ2v9ZrBzMa, 195, 1, 2016-09-02 06:36:51, False, N/A
1330643828436418597, BJ3ZYMMhMAl, 177, 3, 2016-09-02 12:38:47, False, N/A
1332142288486749046, BJ8uFp3h1N2, 127, 0, 2016-09-04 14:15:57, False, N/A
1332859812627049127, BJ_RPATB2qn, 121, 3, 2016-09-05 14:01:33, False, N/A
1335762712705535913, BKJlRwrBo-p, 108, 2, 2016-09-09 14:09:05, True, 563
1336433933155694371, BKL95Tbhfcj, 104, 3, 2016-09-10 12:22:41, False, N/A
1337096364777513050, BKOUg89B6Ba, 72, 2, 2016-09-11 10:18:49, True, 533
1339417661188436659, BKWkUQtBXKz, 122, 0, 2016-09-14 15:10:49, False, N/A
1341598159688031085, BKeUGsLhdtt, 121, 2, 2016-09-17 15:23:05, False, N/A
1341646419525911336, BKefE9qBEMo, 112, 4, 2016-09-17 16:58:58, True, 571
1341651350593183497, BKegMuEh58J, 92, 1, 2016-09-17 17:08:46, True, 879
1342192024136666400, BKgbIjjB00g, 82, 2, 2016-09-18 11:02:59, True, 485
1342341921598889932, BKg9N2cBF_M, 109, 2, 2016-09-18 16:00:48, False, N/A
1346323711372042912, BKvGkhJBCKg, 102, 2, 2016-09-24 03:51:54, False, N/A
1346560798004444285, BKv8elRhXx9, 112, 2, 2016-09-24 11:42:57, False, N/A
1346673984208690643, BKwWNqJBN3T, 93, 1, 2016-09-24 15:27:50, True, 622
1347064357670212660, BKxu-VwhdQ0, 112, 0, 2016-09-25 04:23:26, False, N/A
1348710973472906599, BK3lXwOhh1n, 114, 3, 2016-09-27 10:54:58, False, N/A
1349948086918902157, BK7-qH6BPGN, 107, 2, 2016-09-29 03:52:54, True, 736
1350814660659929993, BK_DsbmBmOJ, 103, 3, 2016-09-30 08:34:37, False, N/A
1351809547396051926, BLCl58EhfPW, 139, 1, 2016-10-01 17:31:17, True, 910
1354578667019534972, BLMbh7sBYJ8, 214, 3, 2016-10-05 13:13:02, False, N/A
1355232054413260505, BLOwF-HhnbZ, 124, 3, 2016-10-06 10:51:12, False, N/A
1360335002315077844, BLg4XoshTjU, 215, 7, 2016-10-13 11:49:50, False, N/A
1361054311920335170, BLjb69-BnlC, 191, 2, 2016-10-14 11:38:59, False, N/A
1369004345508919843, BL_rjLuBnoj, 176, 1, 2016-10-25 10:54:17, False, N/A
1369750241355999162, BMCVJZXB6e6, 176, 9, 2016-10-26 11:36:14, True, 879
1372008076085074528, BMKWhN0BJpg, 350, 12, 2016-10-29 14:22:09, False, N/A
1374205593946371380, BMSKLTzhzU0, 200, 0, 2016-11-01 15:08:14, False, N/A
1377046423786740453, BMcQG0xB9rl, 251, 4, 2016-11-05 13:12:27, False, N/A
1379879618827716759, BMmUTPRBwiX, 306, 21, 2016-11-09 10:01:30, True, 1650
1381322554379377702, BMrcYtuBJwm, 144, 24, 2016-11-11 09:48:22, True, 864
1387180366154177451, BNAQTGEBBur, 155, 8, 2016-11-19 11:46:47, True, 890
1390746224239577486, BNM7FKMhAmO, 141, 0, 2016-11-24 09:51:31, True, 844
1396565347712588427, BNhmMjQB1qL, 268, 20, 2016-12-02 10:33:04, False, N/A
1398050639728417646, BNm36ZPBRtu, 161, 3, 2016-12-04 11:44:05, True, 774
1398830390630119183, BNppNQ2h3cP, 176, 3, 2016-12-05 13:33:18, False, N/A
1400214122490239668, BNuj1NkhBq0, 119, 2, 2016-12-07 11:22:32, False, N/A
1402399913262007106, BN2U0p3BUNC, 239, 0, 2016-12-10 11:45:19, False, N/A
1404574122402759881, BN-DLj6hcTJ, 221, 2, 2016-12-13 11:45:04, False, N/A
1404642261580841635, BN-SrHeBwKj, 270, 1, 2016-12-13 14:00:27, False, N/A
1407511425010099041, BOIfC8JB-Nh, 140, 4, 2016-12-17 13:00:58, True, 817
1408990716730119054, BONvZd6hZOO, 154, 4, 2016-12-19 14:00:04, True, 860
1411880856888661813, BOYAiisBdc1, 177, 1, 2016-12-23 13:42:15, False, N/A
1414019924195928120, BOfm6EXBeg4, 238, 3, 2016-12-26 12:32:12, False, N/A
1414708472381328104, BOiDdw1Bkro, 120, 0, 2016-12-27 11:20:13, True, 687
1415423670327063383, BOkmFQ0hjNX, 128, 3, 2016-12-28 11:01:11, False, N/A
1416853986359084837, BOprTGbh4cl, 101, 3, 2016-12-30 10:22:58, True, 371
1417478601749843147, BOr5Uc2BEzL, 132, 1, 2016-12-31 07:03:58, False, N/A
1417719598664747027, BOswHathYgT, 163, 3, 2016-12-31 15:02:47, True, 667
1420591748388125723, BO29Kslhnwb, 259, 4, 2017-01-04 14:09:14, False, N/A
1421350074919017841, BO5plzNBd1x, 195, 16, 2017-01-05 15:15:54, True, 1595
1423424581334926684, BPBBR13BwVc, 159, 2, 2017-01-08 11:57:34, False, N/A
1424287440230992650, BPEFeF1BMsK, 143, 2, 2017-01-09 16:31:55, True, 813
1425601634683455756, BPIwSIyhgkM, 212, 2, 2017-01-11 12:02:59, False, N/A
1426339248659133208, BPLX_1VhnMY, 147, 1, 2017-01-12 12:28:30, False, N/A
1427851078732782812, BPQvv20Bpzc, 175, 3, 2017-01-14 14:32:14, False, N/A
1430638210123682089, BPapd9MhdEp, 149, 0, 2017-01-18 10:49:46, False, N/A
1432128833653600368, BPf8ZYihHBw, 188, 4, 2017-01-20 12:11:22, False, N/A
1432873296105763140, BPilqvOhvFE, 157, 5, 2017-01-21 12:50:29, True, 958
1433596949533414793, BPlKNSABdWJ, 227, 5, 2017-01-22 12:48:15, False, N/A
1434333096735817017, BPnxloghj05, 158, 2, 2017-01-23 13:10:51, False, N/A
1437169560414821109, BPx2hnKh5r1, 207, 3, 2017-01-27 11:06:23, False, N/A
1439394007494221692, BP5wTk8hN98, 212, 2, 2017-01-30 12:45:58, False, N/A
1440184688542348955, BP8kFgDhfab, 141, 6, 2017-01-31 14:56:55, False, N/A
1441525659817330654, BQBU_M4Bcfe, 191, 2, 2017-02-02 11:21:11, False, N/A
1442252037302984017, BQD6JYoBx1R, 148, 1, 2017-02-03 11:24:22, False, N/A
1443029500892128678, BQGq6-BFaWm, 158, 2, 2017-02-04 13:09:03, False, N/A
1443771380105931615, BQJTmu4Futf, 142, 1, 2017-02-05 13:43:02, False, N/A
1445870406431333418, BQQw3leltwq, 169, 5, 2017-02-08 11:13:25, False, N/A
1446610635412836947, BQTZLVcFZJT, 139, 1, 2017-02-09 11:44:07, False, N/A
1447306060822248045, BQV3TG0lHpt, 141, 1, 2017-02-10 10:45:48, True, 570
1448812237116834857, BQbNw2zloQp, 175, 3, 2017-02-12 12:38:19, False, N/A
1449504087234433099, BQdrEmcFdBL, 237, 3, 2017-02-13 11:32:54, False, N/A
1451689906274724676, BQlcEdDhmtE, 135, 1, 2017-02-16 11:55:44, False, N/A
1452377849315280553, BQn4fV8FUap, 118, 7, 2017-02-17 10:42:33, True, 586
1453068712562522801, BQqVkuehfqx, 182, 3, 2017-02-18 09:35:10, False, N/A
1453857802836993415, BQtI_gEB2WH, 120, 3, 2017-02-19 11:42:57, False, N/A
1456031636025383301, BQ03Q7_BhmF, 182, 5, 2017-02-22 11:41:58, False, N/A
1456753871770018671, BQ3be2cBuNv, 136, 2, 2017-02-23 11:36:55, False, N/A
1457554685225772174, BQ6RkOFlqSO, 170, 7, 2017-02-24 14:08:00, True, 740
1458191360472674183, BQ8iVEHhG-H, 143, 1, 2017-02-25 11:12:57, False, N/A
1458192253163389261, BQ8iiDgB8FN, 97, 6, 2017-02-25 11:14:44, False, N/A
1458972318746644244, BQ_T5gMBY8U, 169, 3, 2017-02-26 13:04:35, False, N/A
1459653926197871150, BRBu4MmB0Iu, 140, 3, 2017-02-27 11:38:49, True, 713
1460451484058822493, BREkOMPBKdd, 111, 3, 2017-02-28 14:03:25, False, N/A
1461094659295361584, BRG2dn2hTow, 175, 6, 2017-03-01 11:21:18, False, N/A
1461908070786883988, BRJvaUVh2GU, 157, 10, 2017-03-02 14:17:24, True, 778
1462311988008213043, BRLLQFkBloz, 156, 5, 2017-03-03 03:39:54, False, N/A
1463345901535057936, BRO2VgkhVgQ, 293, 11, 2017-03-04 13:54:07, False, N/A
1465532805374389456, BRWnlJfBazQ, 161, 7, 2017-03-07 14:19:06, True, 819
1466241890868530985, BRZIzs0BA8p, 156, 2, 2017-03-08 13:47:55, False, N/A
1467691970628936028, BReShI1B-Fc, 204, 12, 2017-03-10 13:48:58, True, 899
1468426102996630861, BRg5cK4Bn1N, 159, 4, 2017-03-11 14:07:34, False, N/A
1470594154739652976, BRomZeaBdlw, 179, 4, 2017-03-14 14:55:06, False, N/A
1472030664852638985, BRttBctBg0J, 121, 4, 2017-03-16 14:29:11, True, 594
1472716433984544079, BRwI8s-h11P, 152, 2, 2017-03-17 13:11:41, False, N/A
1473440205137845642, BRytg9ZBR2K, 120, 2, 2017-03-18 13:09:41, False, N/A
1474945706191285439, BR4D04ghOy_, 204, 8, 2017-03-20 15:00:51, True, 978
1476379168957819397, BR9JwgvhGoF, 147, 2, 2017-03-22 14:28:53, False, N/A
1479215370669082954, BSHOorbB0lK, 211, 13, 2017-03-26 12:23:55, True, 1010
1482166058684357687, BSRti1yBZw3, 174, 5, 2017-03-30 14:06:24, True, 1123
1482822273080829524, BSUCwBEBSZU, 173, 5, 2017-03-31 11:50:11, False, N/A
1483627227697810147, BSW5xpeBorj, 195, 6, 2017-04-01 14:29:29, True, 1109
1487212224291728696, BSjo6Nuhu04, 200, 3, 2017-04-06 13:12:14, False, N/A
1492954053368791653, BS4Cc0xBsJl, 247, 4, 2017-04-14 11:20:13, False, N/A
1494388792805963897, BS9IrB_hjh5, 519, 4, 2017-04-16 10:50:48, False, N/A
1500988418069860859, BTUlQN_B5H7, 188, 1, 2017-04-25 13:23:04, False, N/A
1503860451979925558, BTeyR0ABZg2, 191, 5, 2017-04-29 12:29:17, False, N/A
1506721871012767100, BTo848JByV8, 288, 6, 2017-05-03 11:14:25, False, N/A
1509000143075306458, BTxC6KWBGva, 288, 4, 2017-05-06 14:40:56, False, N/A
1510360053008572260, BT14HdKhB9k, 229, 3, 2017-05-08 11:42:50, False, N/A
1511078596171839349, BT4bfoohLd1, 198, 1, 2017-05-09 11:30:27, False, N/A
1511812111583864134, BT7CRsGFuVG, 204, 6, 2017-05-10 11:47:49, False, N/A
1511867187241402859, BT7OzJTF8Hr, 180, 4, 2017-05-10 13:37:15, False, N/A
1513082150717802348, BT_jDMNhMds, 314, 15, 2017-05-12 05:51:09, True, 1307
1516964399313969108, BUNVxV-Bd_U, 612, 16, 2017-05-17 14:24:30, False, N/A
1518988629127858197, BUUiBw5BggV, 477, 12, 2017-05-20 09:26:17, False, N/A
1519228903926065817, BUVYqOPBOqZ, 354, 3, 2017-05-20 17:23:40, False, N/A
1520577790087551127, BUaLXGXhFiX, 212, 5, 2017-05-22 14:03:39, True, 1407
1522053092554946456, BUfazk3BbeY, 531, 7, 2017-05-24 14:54:49, False, N/A
1522695878190878726, BUhs9VohNAG, 404, 2, 2017-05-25 12:11:55, False, N/A
1523469256954949199, BUkczevBy5P, 315, 2, 2017-05-26 13:48:29, False, N/A
1523474413440523530, BUkd-hFhN0K, 189, 1, 2017-05-26 13:58:44, True, 944
1523980480377460688, BUmRCwphxfQ, 321, 5, 2017-05-27 06:44:12, False, N/A
1524246376283059565, BUnNgDghzVt, 252, 7, 2017-05-27 15:32:29, True, 1641
1524275693385769229, BUnUKrMBWEN, 182, 2, 2017-05-27 16:30:44, True, 1173
1524280617700060893, BUnVSVUBm7d, 324, 4, 2017-05-27 16:40:31, False, N/A
1525541605141194101, BUr0AHYhSV1, 335, 0, 2017-05-29 10:25:52, False, N/A
1526275493560006461, BUua3mPBzc9, 314, 13, 2017-05-30 10:43:58, True, 1399
1528553163127651741, BU2gwDUhf2d, 291, 5, 2017-06-02 14:09:18, True, 2028
1529290624480953529, BU5IbhuhcS5, 227, 5, 2017-06-03 14:34:30, False, N/A
1533671409738273506, BVIsgV7n1Li, 380, 2, 2017-06-09 15:38:20, False, N/A
1534336984378499682, BVLD1unn-Ji, 274, 1, 2017-06-10 13:40:43, False, N/A
1534983941937626953, BVNW8MzHv9J, 326, 5, 2017-06-11 11:06:06, False, N/A
1538726443278508319, BVap4wyHaEf, 218, 3, 2017-06-16 15:01:47, False, N/A
1539470601886766882, BVdTFsfnhci, 239, 7, 2017-06-17 15:40:18, False, N/A
1543758693443502737, BVsiFo9nwKR, 258, 4, 2017-06-23 13:39:58, True, 1356
1544521505077889055, BVvPiAqHogf, 270, 4, 2017-06-24 14:55:33, False, N/A
1548907534941464680, BV-0zJSHKho, 293, 10, 2017-06-30 16:09:48, False, N/A
1549553632878168660, BWBHtG4HopU, 460, 12, 2017-07-01 13:33:29, False, N/A
1550145275972982755, BWDOOpcnpfj, 255, 14, 2017-07-02 09:08:58, True, 1240
1550320637793222103, BWD2Gf3nz3X, 561, 6, 2017-07-02 14:57:23, False, N/A
1551064280132931673, BWGfL6xHtBZ, 188, 3, 2017-07-03 15:34:52, False, N/A
1551678367158096866, BWIq0D4HdPi, 257, 1, 2017-07-04 11:54:57, False, N/A
1552473458030370717, BWLfmJ9H1-d, 231, 5, 2017-07-05 14:14:39, True, 1237
1553218240079884782, BWOI8KSnnHu, 178, 3, 2017-07-06 14:54:24, True, 1407
1553966829836110820, BWQzJk1Hwvk, 268, 12, 2017-07-07 15:41:43, True, 1368
1554661491395550107, BWTRGO0nFub, 225, 0, 2017-07-08 14:41:53, True, 1191
1556135109388476254, BWYgKMhnR9e, 213, 1, 2017-07-10 15:29:42, True, 1145
1558984599946477757, BWioDvaHUC9, 244, 8, 2017-07-14 13:51:08, True, 1290
1559769241893043363, BWladyKnXyj, 406, 1, 2017-07-15 15:50:04, False, N/A
1560485123862822474, BWn9PPNH_5K, 180, 5, 2017-07-16 15:32:24, True, 1055
1561219138915827207, BWqkIj_nn4H, 201, 4, 2017-07-17 15:50:46, True, 1296
1561908256293493554, BWtA0ikH5sy, 205, 2, 2017-07-18 14:39:55, True, 1725
1562665480544321794, BWvs_mmnAEC, 386, 5, 2017-07-19 15:44:23, True, 2331
1564747509050324986, BW3GZGwHzf6, 211, 1, 2017-07-22 12:41:00, True, 1145
1565432574310821431, BW5iKHfny43, 213, 5, 2017-07-23 11:22:06, True, 1194
1566882118827341110, BW-rvxBnXU2, 173, 5, 2017-07-25 11:22:05, True, 1231
1568336016570069640, BXD2Uw0HDKI, 211, 4, 2017-07-27 11:30:44, True, 1276
1569149637365664696, BXGvUgOnQu4, 241, 7, 2017-07-28 14:27:15, True, 1426
1569878401552915761, BXJVBaxHp0x, 199, 12, 2017-07-29 14:35:10, True, 1220
1570601139255054513, BXL5WotHxCx, 167, 0, 2017-07-30 14:31:07, True, 1357
1571345170188664770, BXOihtgnv_C, 232, 5, 2017-07-31 15:09:23, True, 1318
1572100561788915868, BXROSGwntCc, 227, 4, 2017-08-01 16:10:12, True, 1322
1572782398223815386, BXTpUIbHhLa, 278, 2, 2017-08-02 14:44:54, False, N/A
1573535357144660589, BXWUhIEH_pt, 168, 2, 2017-08-03 15:40:53, True, 944
1574146595809591326, BXYff0bnwAe, 185, 3, 2017-08-04 11:55:19, True, 968
1574302514296117406, BXZC8u1n9ie, 199, 9, 2017-08-04 17:05:05, True, 1294
1574774779856870679, BXauVGanN0X, 252, 7, 2017-08-05 08:43:24, True, 1738
1574999686104549406, BXbhd6rnQge, 129, 2, 2017-08-05 16:10:15, True, 1526
1575623784841103212, BXdvXv7HEds, 194, 3, 2017-08-06 12:50:13, True, 1452
1576392161234860425, BXgeFGNHTmJ, 311, 4, 2017-08-07 14:16:51, False, N/A
1576433925270533071, BXgnk1_n_PP, 421, 4, 2017-08-07 15:39:49, False, N/A
1577101178286449708, BXi_SpynSQs, 374, 5, 2017-08-08 13:45:32, True, 3426
1578587315748375158, BXoRMzKHop2, 266, 22, 2017-08-10 14:58:14, True, 1786
1579323971803745914, BXq4sjknw56, 197, 1, 2017-08-11 15:21:50, False, N/A
1580045818132384027, BXtc0zWn0kb, 253, 8, 2017-08-12 15:16:01, True, 1519
1580770246474400057, BXwBin0nQE5, 265, 3, 2017-08-13 15:15:19, False, N/A
1581515820920352454, BXyrEKIni7G, 186, 2, 2017-08-14 15:56:39, True, 1205
1581520270497966027, BXysE6IHGfL, 243, 4, 2017-08-14 16:05:29, False, N/A
1582201828229979966, BX1HC4Onx8-, 193, 4, 2017-08-15 14:39:37, True, 1208
1582907367079511538, BX3nd0fH4Xy, 292, 4, 2017-08-16 14:01:24, False, N/A
1583703838095643075, BX6cj_7HRHD, 239, 2, 2017-08-17 16:23:51, True, 1461
1584382978968821522, BX82-zJnJ8S, 276, 11, 2017-08-18 14:53:11, True, 2134
1585104139646236988, BX_a9EXnXk8, 356, 3, 2017-08-19 14:46:00, False, N/A
1585790080727739588, BYB260yHWzE, 214, 5, 2017-08-20 13:28:50, True, 1253
1586534171371395916, BYEgGxMnFtM, 205, 2, 2017-08-21 14:07:13, False, N/A
1587304316411050822, BYHPN2qH_tG, 253, 6, 2017-08-22 15:37:21, True, 1588
1588616477976476419, BYL5kUWHrsD, 291, 3, 2017-08-24 11:04:23, False, N/A
1589477259148760351, BYO9SVSH5Uf, 240, 2, 2017-08-25 15:34:36, True, 1515
1590169238056647273, BYRan83Hrpp, 242, 3, 2017-08-26 14:29:26, True, 1484
1594502666189216873, BYgz7oTnxxp, 301, 7, 2017-09-01 13:59:11, True, 1832
1595194975289411342, BYjRWDZnQcO, 292, 9, 2017-09-02 12:54:41, True, 1741
1600240176433450171, BY1MfZHn8y7, 404, 4, 2017-09-09 11:58:36, False, N/A
1605300311555971952, BZHLCDMHhtw, 245, 2, 2017-09-16 11:32:11, False, N/A
1609613140698111857, BZWfp-VHJ9x, 301, 4, 2017-09-22 10:21:00, False, N/A
1610486421936416081, BZZmN43HCVR, 290, 4, 2017-09-23 15:16:03, False, N/A
1614696098387896838, BZojYvknqoG, 211, 4, 2017-09-29 10:39:56, False, N/A
1615528463393871346, BZrgpP5H9Xy, 282, 4, 2017-09-30 14:13:42, False, N/A
1616838048029092646, BZwKaNoHCsm, 178, 6, 2017-10-02 09:35:36, True, 1096
1619808498430572580, BZ6tz9JHPgk, 312, 5, 2017-10-06 11:57:22, False, N/A
1620508480867542598, BZ9M-ClniZG, 280, 5, 2017-10-07 11:14:55, True, 1805
1620627692223124269, BZ9oEy0HtMt, 204, 1, 2017-10-07 15:08:13, True, 1264
1624096941612625062, BaJ85BFnmym, 231, 7, 2017-10-12 09:58:33, True, 1178
1653235499791077567, BbxeO2HHNC_, 379, 5, 2017-11-21 13:50:51, False, N/A
1655297786907488352, Bb4zJEqHHBg, 340, 3, 2017-11-24 10:08:14, False, N/A
1657501598061903479, BcAoOvvHz53, 328, 2, 2017-11-27 11:06:49, False, N/A
1661959838925529303, BcQd6sGHyDX, 224, 4, 2017-12-03 14:44:33, False, N/A
1666190285100535339, BcffzyHn84r, 324, 7, 2017-12-09 10:49:41, False, N/A
1667644388473265544, Bckqbxan12I, 205, 2, 2017-12-11 10:58:44, False, N/A
1669117539094701091, Bcp5Y72HSQj, 1056, 48, 2017-12-13 11:45:37, False, N/A
1672718065233477863, Bc2sDfHnsDn, 174, 8, 2017-12-18 11:00:07, True, 2010
1678606121824113145, BdLm1_JH1H5, 273, 17, 2017-12-26 14:03:44, True, 1923
1680744367886485366, BdTNBj-HMd2, 328, 5, 2017-12-29 12:46:03, False, N/A
1686547496431475319, Bdn0gMln1p3, 383, 6, 2018-01-06 12:55:50, False, N/A
1688668113976924801, BdvWrPlH5qB, 294, 4, 2018-01-09 11:09:07, False, N/A
1690851511487092254, Bd3HH2-HtYe, 581, 17, 2018-01-12 11:27:09, False, N/A
1693016658229897118, Bd-za5AnKee, 284, 0, 2018-01-15 11:08:54, False, N/A
1696632062059912748, BeLpd8Nnp4s, 321, 1, 2018-01-20 10:52:04, False, N/A
1697400934664991964, BeOYSgoH3Tc, 563, 4, 2018-01-21 12:19:41, False, N/A
1699562426097162261, BeWDwWZH1gV, 368, 3, 2018-01-24 11:54:11, False, N/A
1702470138686382572, BegY5IxHKHs, 309, 10, 2018-01-28 12:11:17, False, N/A
1705347888006825740, BeqnN5rHAcM, 564, 13, 2018-02-01 11:28:51, False, N/A
1706813881476627411, Bev0i6fHrvT, 501, 6, 2018-02-03 12:01:31, False, N/A
1708318879649830318, Be1KvhQnxWu, 306, 19, 2018-02-05 13:57:17, True, 2217
1711117301008145962, Be_HB6PnZ4q, 441, 3, 2018-02-09 10:31:39, False, N/A
1711834180400080677, BfBqB4NHmcl, 267, 4, 2018-02-10 10:15:58, False, N/A
1714055954206316177, BfJjM8TnFaR, 434, 1, 2018-02-13 11:50:14, False, N/A
1717641642894140803, BfWSflIH6WD, 715, 9, 2018-02-18 10:34:21, False, N/A
1722015187841540137, Bfl07CRH2Ap, 403, 4, 2018-02-24 11:23:48, False, N/A
1726380744007019325, Bf1ViPRnOs9, 576, 12, 2018-03-02 11:57:23, False, N/A
1728553066331882896, Bf9DdsGH8WQ, 175, 3, 2018-03-05 11:53:24, False, N/A
1731446927020780657, BgHVc54g-xx, 352, 4, 2018-03-09 11:42:59, False, N/A
1735073176431496905, BgUN9x0gg7J, 480, 1, 2018-03-14 12:47:42, False, N/A
1736516542209757937, BgZWJg9AJLx, 298, 4, 2018-03-16 12:35:25, False, N/A
1737227884130689912, Bgb345vg2N4, 333, 1, 2018-03-17 12:08:43, False, N/A
1738680241439824655, BghCHe5AtsP, 336, 21, 2018-03-19 12:15:15, True, 1568
1740148595698521492, BgmP-2XAVWU, 409, 4, 2018-03-21 12:51:39, False, N/A
1742947866707277634, BgwMdmpHLdC, 201, 3, 2018-03-25 09:33:18, False, N/A
1745201078944485274, Bg4MyKEHU-a, 862, 19, 2018-03-28 12:10:02, False, N/A
1746001300113243802, Bg7Cu6Gnr6a, 582, 8, 2018-03-29 14:39:56, False, N/A
1746597026094496712, Bg9KL3KHbvI, 777, 13, 2018-03-30 10:23:32, False, N/A
1747297634287955572, Bg_pfDYnS50, 441, 23, 2018-03-31 09:35:50, True, 2504
1748042540757398711, BhCS23mHbS3, 410, 3, 2018-04-01 10:15:31, False, N/A
1748772396059239668, BhE4zqUHqT0, 556, 3, 2018-04-02 10:25:36, False, N/A
1753142705285598270, BhUagB9HYw-, 614, 6, 2018-04-08 11:08:38, False, N/A
1755394800108079229, BhcakUtAoh9, 392, 16, 2018-04-11 13:44:51, True, 2104
1756752679679403170, BhhPUEmgaSi, 592, 7, 2018-04-13 10:41:00, False, N/A
1762539556604745438, Bh1zGNuABbe, 644, 14, 2018-04-21 10:18:30, False, N/A
1766768939968297802, BiE0v17APtK, 335, 5, 2018-04-27 06:21:31, False, N/A
1766974862728895008, BiFjkacABog, 354, 7, 2018-04-27 13:10:39, False, N/A
1767648101377748608, BiH8pUyg66A, 413, 6, 2018-04-28 11:28:16, False, N/A
1767649130701832996, BiH84TbAsMk, 145, 2, 2018-04-28 11:30:45, True, 807
1768339064450207240, BiKZwKTAE4I, 376, 5, 2018-04-29 10:21:05, False, N/A
1768482889021926731, BiK6dFXgi1L, 307, 7, 2018-04-29 15:08:15, True, 2024
1769108762318197555, BiNIwvTAdMz, 448, 0, 2018-04-30 11:50:20, False, N/A
1769215383589528762, BiNhASGAqS6, 372, 19, 2018-04-30 15:30:30, True, 2413
1772023663005011037, BiXfiIHAAxd, 332, 1, 2018-05-04 12:21:43, False, N/A
1772783594016820755, BiaMUlBA04T, 724, 7, 2018-05-05 13:31:34, False, N/A
1774273047780606773, Bife--7g0M1, 348, 3, 2018-05-07 14:50:51, False, N/A
1776275540706108135, BimmTFzAKLn, 396, 16, 2018-05-10 09:10:56, True, 2340
1777058483993165867, BipYUajgcAr, 369, 2, 2018-05-11 11:05:01, False, N/A
1777816879956635787, BisEwh1gjCL, 446, 7, 2018-05-12 12:11:48, False, N/A
